Surname,First name,Middle names,Email Address
Acevedo,Jerry,Pamela Eugenia Ian Ezekiel,mattis@sem.co.uk
Avery,Brandon,Sylvester Maggie Suki Judith,et@urna.net
Banks,Lance,Dale Nomlanga Dara Jin,neque@orciluctuset.net
Barlow,Conan,Jessamine Sandra Mechelle Teegan,Lorem.ipsum.dolor@pede.edu
Barlow,Lucy,Sawyer Jescie Brendan Chandler,ipsum.leo.elementum@semper.co.uk
Barr,Eden,Christian Tatiana Marshall Lee,In@diamlorem.ca
Barrera,Fuller,Eleanor Marcia Akeem Dakota,est.congue.a@eu.edu
Bates,Hilary,Clio Ronan Neville Wang,Quisque@Integer.edu
Baxter,Jordan,Hu Kathleen Tanya Axel,ante@Nunc.co.uk
Beck,Porter,Cullen Jordan Suki Hiroko,nisi.nibh.lacinia@ametfaucibus.net
Bennett,Miriam,Bethany Kasper Shaeleigh Ryder,sodales.nisi.magna@consequatauctor.ca
Best,Marah,Chandler Dawn Gannon Edan,eros@duiaugue.com
Bradley,Sybil,Nerea Tate Ferris Brynn,purus.sapien.gravida@purus.co.uk
Bray,Graham,Delilah Kasper Dalton Kareem,nec.ligula.consectetuer@nonummy.com
Brennan,Hamish,Ivan Benjamin Galena Shafira,est.mauris.rhoncus@nunc.com
Brewer,Kylie,Leslie Zeph Paloma Mason,Cras.lorem.lorem@Aeneangravida.net
Britt,Whoopi,Tanner John Vanna Cassidy,sit.amet.orci@necmauris.com
Brown,Fletcher,Sydnee Ebony Merritt Martha,diam@Nunccommodoauctor.ca
Burch,Rhiannon,Grant Zephania Gay Inez,Lorem@nunc.net
Calhoun,Aphrodite,Odette Chase Hyatt Tucker,montes.nascetur.ridiculus@nuncacmattis.net
Carpenter,Marah,Blair Noel Ray Hilda,elit@nequevenenatis.net
Carver,Glenna,Callum Vera Sean Xander,ac@amifringilla.com
Cervantes,Keegan,Lisandra Emmanuel Illiana Lucas,neque@Integerurna.ca
Chapman,Macaulay,Pearl Ivan Erasmus Alexandra,Duis.mi.enim@utpellentesqueeget.edu
Clarke,Mary,Gisela Marvin Noelani Ingrid,faucibus.lectus@semperegestas.co.uk
Clemons,Adara,Hakeem Upton Cynthia Zephania,Nunc@diam.net
Cline,Samuel,Jerome Leslie Colby Gregory,at.velit@arcuvel.net
Collier,Felicia,Armand Tyler Xavier Nichole,Mauris.ut@vitaemauris.net
Cortez,Hadley,Bree Gemma Russell Signe,et.malesuada.fames@felisullamcorper.org
Crane,Deborah,Zachery Kimberley Bernard Eden,eros@anteipsumprimis.co.uk
Curtis,Roanna,Tatiana Avye Yolanda Jillian,lacus.varius.et@mauris.net
Dudley,Melanie,Vera Rylee Willa Burke,pharetra.Quisque@Crasvulputate.ca
Erickson,Lilah,Dylan Forrest Travis Jordan,Pellentesque.ultricies.dignissim@Aenean.ca
Farrell,James,Slade Kermit Aristotle Cedric,ante.dictum@velvulputateeu.co.uk
Figueroa,Kay,Hakeem Alfreda Cassidy Charissa,luctus@interdumNuncsollicitudin.com
Finch,Jermaine,Donovan Kiara Colton Abbot,consequat.enim@euturpis.net
Fitzgerald,Harrison,Eugenia Irma Rogan Cara,gravida.nunc@Nuncut.co.uk
Fitzgerald,Kylan,Colleen Marah Jonah Alea,Aliquam.tincidunt.nunc@a.ca
Fowler,Miranda,Stuart Kasper Kristen Hayley,dictum@mollis.ca
Frank,Kamal,Chava Tyrone Hedwig Elvis,aliquet.vel.vulputate@nulla.edu
Frazier,Arden,Noel August August Dominique,rutrum.justo.Praesent@nectempus.net
Frederick,Shad,Maryam Jared Kay Mannix,elit.elit@nequetellusimperdiet.ca
Gardner,Rachel,Ryan Brendan Gail Scarlet,Donec.non.justo@Quisque.edu
Gonzales,Whilemina,Kylynn Bert Buckminster Joseph,cursus.non.egestas@nisi.edu
Greer,Austin,Scarlet Ursula Sloane Katell,Suspendisse@laoreet.ca
Griffith,Rafael,Lewis Whitney Chaim Louis,senectus.et@risusa.org
Hardin,Giacomo,Lana Acton Idola Guinevere,sagittis.felis.Donec@placeratCras.com
Hayes,Chiquita,Kai Austin Christen Maris,adipiscing@nibh.net
Herring,Alexandra,Freya Ignatius Cara Jada,ac.metus@liberoMorbiaccumsan.net
Hess,Carly,Emi Clark Amber Justin,morbi.tristique.senectus@Suspendissecommodotincidunt.edu
Hines,Hilda,Porter Nola Althea Mari,lobortis@Phasellusdapibus.com
Hodge,Ebony,Inez Melinda Jessamine Keiko,urna@eueratsemper.edu
Holden,Craig,Rajah Sierra Kane Cameron,eleifend.Cras.sed@adipiscingelit.co.uk
Hopper,Wynne,Marsden Cyrus Paul Burton,et.netus.et@lacus.co.uk
Houston,Charlotte,Xenos Victoria Sarah Burton,urna@Nunccommodo.co.uk
Houston,Mason,Martena Zeph Aurora Eleanor,ornare.elit@mauris.org
Ingram,Rogan,Uriel Tad Teagan Helen,Sed@sitametnulla.edu
Johnson,Ori,Elizabeth Malachi Lance Barry,Phasellus@Praesenteudui.org
Joyner,Brianna,Carol Denton Hillary Lesley,quam.vel.sapien@fermentum.ca
Kelley,Thane,Bernard Uta Kelly Madeline,dapibus.ligula@sitamet.org
Landry,Justine,Zahir Hu Nerea Ivan,non.egestas.a@eu.net
Langley,Graham,Brielle Irma Orlando Lareina,In.at@ipsum.org
Lee,Derek,Rosalyn Laura Beatrice Tad,libero.nec.ligula@sociisnatoquepenatibus.co.uk
Logan,Alfonso,Bryar Dieter Meghan Cynthia,adipiscing.lobortis.risus@nec.org
Lowe,Lane,Jolie Daphne Lars Yasir,augue.ac.ipsum@mi.net
Maddox,Hamish,Hayes Brittany Vladimir Carolyn,pellentesque@ullamcorpervelit.co.uk
Mcmillan,Demetria,Neville Tanek Doris May,non.dapibus.rutrum@litoratorquentper.ca
Miles,Kathleen,Sasha Daquan Vera Naida,Duis.gravida.Praesent@CuraePhasellusornare.com
Morse,Tarik,Solomon Ignacia Garth Andrew,Aenean@eget.co.uk
Mosley,Iola,Declan Aladdin Alisa Kay,Cras@mattis.edu
Myers,Tallulah,Jenette Carolyn Thor Ursa,tristique.pellentesque@sed.org
Olson,Alisa,Veda Regina Murphy Nola,amet.orci.Ut@urna.org
Orr,Carlos,Odysseus Rafael Todd Raven,mi@in.com
Ortiz,Kaseem,Venus Bianca Chava Paula,placerat.Cras.dictum@ultricesiaculisodio.edu
Padilla,Ifeoma,Carl Fleur Henry Orli,metus.eu@morbi.co.uk
Padilla,Preston,Mark Karyn Denton Neville,Nunc.sed.orci@dignissim.ca
Patel,Macon,Chaney Ella Harrison Damon,orci@acmetus.ca
Pratt,Bruce,Jena Courtney Noah Martha,hendrerit@sitamet.net
Raymond,Hollee,Kessie Caryn Xenos Owen,orci@Quisquelibero.co.uk
Rhodes,Aaron,Wayne Cedric Leroy Jarrod,mollis.non.cursus@Cras.co.uk
Riggs,Macaulay,Tanya Carson Audra Adria,eu.elit.Nulla@ametultriciessem.co.uk
Robbins,Amos,Mallory Leigh Kyla Charity,ullamcorper.nisl.arcu@consectetuercursuset.ca
Robles,Jermaine,Alexis Shelley Xavier Dustin,amet.risus.Donec@sapiengravida.net
Scott,Stone,Fulton Abra Clare Ishmael,at.pede.Cras@gravidasitamet.com
Short,Chaim,Davis Wylie Cade Maggie,at@velitSedmalesuada.org
Simon,Yuri,Maia Amir Justina Seth,volutpat@turpis.co.uk
Stark,Veda,Sawyer Clark Renee Larissa,Quisque.fringilla@consectetuer.co.uk
Stone,Jane,Zachery Libby Ezra Ryan,ullamcorper.Duis@vulputatelacus.org
Swanson,Chandler,Duncan Garrison Jacob Cathleen,Aliquam.erat@cursusdiamat.org
Sweet,Hanae,Herrod Colleen Alyssa Malik,semper@mollisPhasellus.ca
Trujillo,Herman,Harper Willow Sylvester Alisa,eu@ultrices.co.uk
Valentine,Bradley,Amal Grace Tarik Cairo,molestie.Sed.id@Inornare.edu
Valenzuela,Yuri,Beatrice Kellie Henry Upton,nisl.Quisque.fringilla@famesacturpis.net
Vaughn,Kylan,Portia Uriah Hasad Aline,odio.Phasellus.at@hendreritaarcu.org
Williamson,Rooney,Tana Michelle Burton Marcia,sit@Sed.ca
Willis,Caleb,Kimberley Colleen Honorato Cullen,nec.mauris.blandit@Donecnibhenim.ca
Wilson,Colin,Erasmus Kevin Briar Hayley,sed.pede@nuncac.edu
Witt,Eric,Ocean Dennis Madeson Plato,pede.Praesent.eu@eget.org
Wood,Cadman,Sylvia Sloane Prescott Noelani,bibendum.fermentum@tortor.com
Zimmerman,Fitzgerald,Darius Norman Sheila Kennedy,velit@lorem.org